label_ind,str_label,num_of_each_class_in_test,precision,recall,f1,num_guessed_as_class
0,Political,9,0.6666666666666666,0.8888888888888888,0.761904761904762,12
1,Security,56,0.5952380952380952,0.44642857142857145,0.5102040816326531,42
2,Rights_not_violated,28,0.5666666666666667,0.6071428571428571,0.5862068965517241,30
3,Misc,43,0.5945945945945946,0.5116279069767442,0.55,37
4,Terrorism,39,0.5660377358490566,0.7692307692307693,0.6521739130434783,53
5,Legal,38,0.6666666666666666,0.6842105263157895,0.6753246753246753,39
