label_ind,str_label,num_of_each_class_in_test,precision,recall,f1,num_guessed_as_class
0,Political,9,0.6363636363636364,0.7777777777777778,0.7000000000000001,11
1,Security,56,0.5208333333333334,0.44642857142857145,0.4807692307692308,48
2,Rights_not_violated,28,0.5172413793103449,0.5357142857142857,0.5263157894736843,29
3,Misc,43,0.5806451612903226,0.4186046511627907,0.4864864864864865,31
4,Terrorism,39,0.4583333333333333,0.5641025641025641,0.5057471264367815,48
5,Legal,38,0.5434782608695652,0.6578947368421053,0.5952380952380952,46
