label_ind,str_label,num_of_each_class_in_dev,precision,recall,f1,num_guessed_as_class
0,Political,16,0.625,0.625,0.625,16
1,Security,55,0.6346153846153846,0.6,0.616822429906542,52
2,Rights_not_violated,27,0.625,0.5555555555555556,0.5882352941176471,24
3,Misc,43,0.6111111111111112,0.5116279069767442,0.5569620253164557,36
4,Terrorism,48,0.5535714285714286,0.6458333333333334,0.5961538461538463,56
5,Legal,21,0.46153846153846156,0.5714285714285714,0.5106382978723405,26
