label_ind,str_label,num_of_each_class_in_dev,precision,recall,f1,num_guessed_as_class
0,Political,16,0.6428571428571429,0.5625,0.6000000000000001,14
1,Security,55,0.5918367346938775,0.5272727272727272,0.5576923076923076,49
2,Rights_not_violated,27,0.3,0.2222222222222222,0.25531914893617025,20
3,Misc,43,0.4782608695652174,0.5116279069767442,0.49438202247191015,46
4,Terrorism,48,0.44,0.4583333333333333,0.4489795918367347,50
5,Legal,21,0.3548387096774194,0.5238095238095238,0.4230769230769231,31
